[
  {
    "name": "crop",
    "attributes": [
      {
        "name": "crop type",
        "input_type": "radio",
        "mutable": true,
        "default_value": "product",
        "values": [
          "-----", 
          "product",
          "hand",
          "hand-holding-product",
          "not-sure"
        ]
      },
      {
        "name": "crop state",
        "input_type": "radio",
        "mutable": true,
        "default_value": "-----",
        "values": [
          "-----", 
          "hand-held",
          "thrown",
          "not-sure"
        ]
      },
      {
        "name": "crop location",
        "input_type": "radio",
        "mutable": true,
        "default_value": "-----",
        "values": [
          "-----", 
          "inside-cart",
          "outside-cart",
          "on-cart-edge",
          "on-cart-bottom",
          "not-sure"
        ]
      },
      {
        "name": "crop visibility",
        "input_type": "radio",
        "mutable": true,
        "default_value": "-----",
        "values": [
          "-----", 
          "low",
          "medium",
          "high",
          "not-sure"
        ]
      }
]
  },
    {
    "name": "event",
    "attributes": [
      {
        "name": "event_type",
        "input_type": "radio",
        "mutable": false,
        "values": [
          "-----", 
          "event",
          "not-event",
          "not-sure"
        ]
      }
    ]
  }
]