product_name,hebrew_name,english_name,price
7290016437621,חיתולים האגיס,Huggies Freedom Dry Pants,16.99
4084500149526,מרכך כביסה טייד ניחוח אלפים רענן,Tide Alpine Fresh,8.69
7891024030974,משחת שיניים קולגייט בטעם מנטה,Colgate Triple Action Original Mint,6
7290002730521,מקלוני כותנה,Ballons cotton tips,4.99
8712561626286,תחליב רחצה דאב מגע משי,Dove silk glow moisturising cream,6.9
7290005008184,פלמוליב נטורל חלב שקדים,Palmolive Naturals Shower Milk Almond,3.45
8690637704291,שמפו דאב לשיער פגום,Dove Nutritive Solutions Shampoo,3.55
7290000066318,במבה אסם,Bamba Osem,4.2
7290000480107,קוואקר,Quaker White Oats,6.5
7290010002146,פפריקה מרוקאית מתוקה,Sweet Moroccan Paprika,5.2
7290010002139,פפריקה הונגרית חריפה,Spicy Hungarian Paprika,5.2
8076809513654,ברילה בולונז,Barilla Bolognese base sauce,2.5
8076809513692,ברילה נפוליטנה,Barilla Napoletana base sauce,2.5
8076800195057,ספגטי ברילה,Barilla Spaghetti,2.5
7290000211442,סוגת אורז פרסי קלאסי,Sugat Classic Persian Rice,4.7
7290000211312,סוגת אורז מלא ארוך ,Sugat Long Brown Rice,4.7
7290003643004,סוגת אורז בסמטי קלאסי,Sugat Classic Basmatic Rice,4.7
4750024101462,חטיפי תפוח אדמה טאפל,Taffel Creamy Mushroom Sauce,7.8